{"cameraMode":{"drawMode":0,"name":"Shaded","section":"Shading Mode"},"sceneLighting":false,"audioPlay":false,"sceneViewState":{"showFog":true,"showMaterialUpdate":false,"showSkybox":true,"showFlares":true,"showImageEffects":true,"showParticleSystems":true},"in2DMode":false,"pivot":{"x":0.0,"y":-0.941685140132904,"z":-14.949999809265137},"rotation":{"x":0.060289401561021808,"y":0.3529423773288727,"z":-0.022796403616666795,"w":0.9334222674369812},"size":5.060125350952148,"orthographic":false}